USE netflix_course_project;

INSERT INTO companies
	(company)
VALUES
	('Netflix'),
	('Universal Pictures'),
	('Paramount Pictures'),
	('Warner Bros. Pictures'),
	('Walt Disney Pictures'),
	('Columbia Pictures');
	
SELECT * FROM cast_and_crew;

INSERT INTO countries 
	(country)
VALUES
	('Afghanistan'),
	('Albania'),
	('Algeria'),
	('American Samoa'),
	('Andorra'),
	('Angola'),
	('Anguilla'),
	('Antarctica (the territory South of 60 deg S)'),
	('Antigua and Barbuda'),
	('Argentina'),
	('Armenia'),
	('Aruba'),
	('Australia'),
	('Austria'),
	('Azerbaijan'),
	('Bahamas'),
	('Bahrain'),
	('Bangladesh'),
	('Barbados'),
	('Belarus');
	
INSERT INTO genres 
	(genre)
VALUES
	('Action'),
	('Adventure'),
	('Animation'),
	('Biography'),
	('Comedy'),
	('Crime'),
	('Documentary'),
	('Drama'),
	('Family'),
	('Fantasy'),
	('Film Noir'),
	('History'),
	('Horror'),
	('Music'),
	('Musical'),
	('Mystery'),
	('Romance'),
	('Sci-Fi'),
	('Sport'),
	('Superhero');

INSERT INTO images
VALUES
	('1', 'velit', 'http://lorempixel.com/1/1/abstract/'),
	('2', 'reprehenderit', 'http://lorempixel.com/1/1/abstract/'),
	('3', 'quisquam', 'http://lorempixel.com/1/1/abstract/'),
	('4', 'veritatis', 'http://lorempixel.com/1/1/abstract/'),
	('5', 'deserunt', 'http://lorempixel.com/1/1/abstract/'),
	('6', 'qui', 'http://lorempixel.com/1/1/abstract/'),
	('7', 'aut', 'http://lorempixel.com/1/1/abstract/'),
	('8', 'et', 'http://lorempixel.com/1/1/abstract/'),
	('9', 'quo', 'http://lorempixel.com/1/1/abstract/'),
	('10', 'tenetur', 'http://lorempixel.com/1/1/abstract/'),
	('11', 'repellendus', 'http://lorempixel.com/1/1/abstract/'),
	('12', 'deserunt', 'http://lorempixel.com/1/1/abstract/'),
	('13', 'velit', 'http://lorempixel.com/1/1/abstract/'),
	('14', 'aut', 'http://lorempixel.com/1/1/abstract/'),
	('15', 'ipsa', 'http://lorempixel.com/1/1/abstract/'),
	('16', 'fugiat', 'http://lorempixel.com/1/1/abstract/'),
	('17', 'suscipit', 'http://lorempixel.com/1/1/abstract/'),
	('18', 'vero', 'http://lorempixel.com/1/1/abstract/'),
	('19', 'rerum', 'http://lorempixel.com/1/1/abstract/'),
	('20', 'iure', 'http://lorempixel.com/1/1/abstract/');
	
INSERT INTO roles
	(role)
VALUES
	('Executive producer'),
	('Producer'),
	('Director'),
	('Writer'),
	('Star'),
	('Director of photography'),
	('Film editor'),
	('Casting '),
	('Production Design'),
	('Music'),
	('Art Direction'),
	('Set Decoration'),
	('Assistant Director'),
	('Special Effects'),
	('Visual Effects'),
	('Sound designer'),
	('Stunt');
	
INSERT INTO title_types
	(title_type)
VALUES
	('Feature Film'),
	('TV Movie'),
	('TV Series'),
	('Short Film'),
	('Mini-Series'),
	('Animation');

INSERT INTO users
	(signed_up_at, email, phone_number, username, password_hash)
VALUES
	('2014-04-20 00:37:22', 'conroy.astrid@example.net', '4988215960', 'Calista',
	 '2497d7bf2380c2d18d8542969d786e17bc43946b'),
	('2014-11-10 15:01:37', 'salvatore81@example.com', '4980540018', 'Velda',
	 '0bc287949232f347d81c0c92da8e3523c5451a96'),
	('2014-02-21 02:48:28', 'barrows.abby@example.org', '4955717093', 'Keely',
	 'fe3871d03b389fdbc4850d8beb4beeaac6ff1db6'),
	('2014-11-12 02:46:45', 'edna.cummings@example.org', '4959362895', 'Ferne',
	 '524b4ce87eebccbf2ab92966435264f00a903454'),
	('2014-12-31 18:19:12', 'christiansen.dewitt@example.org', '4973833163', 'Caroline',
	 'e66f655438339151cd9d40136915d3cbb634859c'),
	('2016-10-27 21:23:59', 'rita.romaguera@example.org', '4983792075', 'Adella',
	 '25c533d89f008cdd3bb27613e035a34c16bc4e4f'),
	('2018-04-17 08:09:19', 'idurgan@example.com', '4954267775', 'Maybell', '630e836059511d6141ff0337b6170749527ef95a'),
	('2018-02-26 13:19:43', 'hiram.bogisich@example.net', '4974550320', 'Enrico',
	 '55855c984516e1ba805f313ab39dec9bd40e6056'),
	('2017-12-29 15:19:24', 'irving83@example.net', '4977142078', 'Michaela',
	 'c39aeee99e0e80dbd2f414883a4c82e927da8c7e'),
	('2017-08-27 17:04:28', 'margie00@example.org', '4965874500', 'Vern', '826e1365e4a723e8a71765d1e262f82f5d1ec036'),
	('2008-04-10 10:19:15', 'crussel@example.org', '4978469270', 'Elbert', '759aee26f0e25811ceacae0014bb6cf973e8ad1d'),
	('2017-02-23 09:21:31', 'koss.ludie@example.net', '4985721302', 'Merle',
	 '61c3ee147999cdb84822c07e7f470c638eaa5a59'),
	('2008-01-09 10:18:11', 'vkonopelski@example.org', '4957707646', 'Amy', '5fb6961689eeef0f5b8d4db51782bf8f84abde89'),
	('2014-04-25 19:15:03', 'keanu.hahn@example.org', '4985896025', 'Rosie',
	 '7348c92c73cfcab20aa8dc540b24be7e30b7664f'),
	('2017-04-26 00:04:16', 'carter.korbin@example.com', '4990212644', 'Deion',
	 '810d0fd4d73c48fbcb6134ee7a2811276bcf8ce3'),
	('2018-12-17 10:30:42', 'rita55@example.com', '4998081805', 'Earl', '6eb8a537b5b95713e08760669fdde58c6f981c10'),
	('2017-09-13 10:19:18', 'goyette.davion@example.org', '4966257735', 'Katherine',
	 '4496747935b59179e50ce15910803856c6e34877'),
	('2018-12-13 20:31:16', 'nathanael43@example.net', '4961042357', 'Derek',
	 '5d1847e536c69a6c030bb0c386e8b7dfbbd941bd'),
	 ('2006-07-25 15:20:08', 'hank53@example.net', '4981571831', 'Alexander',
	 '90f4258e5a7c55b6b251a493770957864f1dc0a4'),
	('2018-03-29 19:50:38', 'raynor.arne@example.org', '4970992354', 'Hunter',
	 'bf275e9b173d4401c91a6461cfa2778c79b28b50');
	
	INSERT INTO user_profiles
	(user_id, updated_at , first_name, last_name, gender, kids, date_of_birth, country_id)
VALUES
	('1', '2022-02-15 14:40:38', 'Isai', 'Mraz', 'ud', 'n', '1996-02-04', '18'),
	('2', '2022-02-15 14:40:38', 'Quentin', 'O\'Kon', 'f', 'n', '1977-03-06', '1'),
	('3', '2022-02-15 14:40:38', 'Dorothea', 'Luettgen', 'ud', 'n', '1995-10-16', '9'),
	('4', '2022-02-15 14:40:38', 'Heath', 'Towne', 'f', 'y', '2011-06-10', '4'),
	('5', '2022-02-15 14:40:38', 'Darrel', 'Funk', 'm', 'n', '1995-07-10', '12'),
	('6', '2022-02-15 14:40:38', 'Nayeli', 'Zemlak', 'ud', 'n', '1999-02-02', '16'),
	('7', '2022-02-15 14:40:38', 'Gay', 'Johnson', 'ud', 'n', '2001-08-13', '19'),
	('8', '2022-02-15 14:40:38', 'Cassie', 'Bernier', 'ud', 'n', '2010-04-05', '8'),
	('9', '2022-02-15 14:40:38', 'Roxane', 'Davis', 'f', 'y', '2018-12-08', '19'),
	('10', '2022-02-15 14:40:38', 'Tania', 'Schmeler', 'f', 'n', '1997-08-17', '17'),
	('11', '2022-02-15 14:40:38', 'Selina', 'Koelpin', 'f', 'n', '1975-02-18', '7'),
	('12', '2022-02-15 14:40:38', 'Kathryn', 'Carter', 'm', 'y', '2011-03-10', '20'),
	('13', '2022-02-15 14:40:38', 'Jakayla', 'Bogisich', 'ud', 'y', '2009-11-23', '4'),
	('14', '2022-02-15 14:40:38', 'Evelyn', 'Kuphal', 'nb', 'y', '2004-09-10', '15'),
	('15', '2022-02-15 14:40:38', 'Dane', 'Braun', 'nb', 'y', '2010-07-22', '7'),
	('16', '2022-02-15 14:40:38', 'Justine', 'Conn', 'f', 'n', '1988-01-17', '2'),
	('17', '2022-02-15 14:40:38', 'Russell', 'Donnelly', 'm', 'y', '2010-12-29', '8'),
	('18', '2022-02-15 14:40:38', 'Korey', 'Jacobi', 'ud', 'y', '2013-09-24', '6'),
	('19', '2022-02-15 14:40:38', 'Kristian', 'Quigley', 'f', 'y', '2014-11-12', '4'),
	('20', '2022-02-15 14:40:38', 'Britney', 'Pfeffer', 'nb', 'n', '1993-07-10', '1');
	
INSERT INTO titles
VALUES
	('1', 'Greenfelder Inc', 'Kovacek-Gleason'),
	('2', 'Waelchi, Reichel and Haley', 'Botsford, Howe and Klocko'),
	('3', 'Roob, Dibbert and Ebert', ''),
	('4', 'Mertz, Durgan and Heaney', 'Ondricka, Farrell and Christiansen'),
	('5', 'Wisozk Ltd', 'Boyle-Armstrong'),
	('6', 'Stiedemann, Bernier and Ullrich', 'Wisozk, Haag and Schuster'),
	('7', 'Beer-Cruickshank', ''),
	('8', 'O\'Hara-Ziemann', ''),
	('9', 'Barton, Weissnat and Ryan', 'Bergstrom PLC'),
	('10', 'Cassin, Dickinson and Farrell', ''),
	('11', 'Feil-Greenholt', 'Rutherford LLC'),
	('12', 'Schoen LLC', 'Macejkovic, Buckridge and Konopelski'),
	('13', 'Lueilwitz, Kuhlman and Bauch', 'Pagac, Ruecker and Balistreri'),
	('14', 'Cummerata, Renner and Hermiston', ''),
	('15', 'Rempel-Howell', ''),
	('16', 'Padberg-Windler', ''),
	('17', 'Stracke, Roberts and O\'Conner', ''),
	('18', 'Klocko, Hamill and Gorczany', 'Watsica-Wiegand'),
	('19', 'Rutherford Inc', 'McClure, Kuhic and Klocko'),
	('20', 'Dickinson, Kozey and Ryan', '');

INSERT INTO title_info(title_id, title_type_id, poster, tagline, synopsis, release_date, rars)
VALUES
	('1', '4', '12', 'Expanded secondary product',
	 'Alice, \'when one wasn\'t always growing larger and smaller, and being so many lessons to learn! Oh, I shouldn\'t want YOURS: I don\'t like them!\' When the procession moved on, three of the day; and this was not even room for this, and she thought to herself \'That\'s quite enough--I hope I shan\'t grow any more--As it is, I suppose?\' said Alice. \'Call.',
	 '2000-05-19', 'NR'),
	('2', '6', '13', 'Multi-channelled bottom-line complexity',
	 'I to do it! Oh dear! I\'d nearly forgotten to ask.\' \'It turned into a tree. \'Did you say it.\' \'That\'s nothing to what I should be like then?\' And she began again: \'Ou est ma chatte?\' which was full of soup. \'There\'s certainly too much overcome to do next, when suddenly a White Rabbit read:-- \'They told me you had been would have appeared to them.',
	 '2002-04-13', '18+'),
	('3', '5', '4', 'Enhanced regional concept',
	 'As soon as it turned round and swam slowly back again, and all must have imitated somebody else\'s hand,\' said the Gryphon replied very solemnly. Alice was not here before,\' said Alice,) and round Alice, every now and then another confusion of voices--\'Hold up his head--Brandy now--Don\'t choke him--How was it, old fellow? What happened to you?.',
	 '2016-11-07', '6+'),
	('4', '2', '11', 'Fully-configurable fault-tolerant flexibility',
	 'I shan\'t! YOU do it!--That I won\'t, then!--Bill\'s to go nearer till she was playing against herself, for this curious child was very fond of pretending to be seen--everything seemed to Alice a good thing!\' she said this, she was quite a long time with the day and night! You see the earth takes twenty-four hours to turn into a pig, my dear,\' said.',
	 '2006-08-15', '18+'),
	('5', '5', '7', 'Fully-configurable real-time knowledgeuser',
	 'Hatter. \'You might just as she could guess, she was going to remark myself.\' \'Have you guessed the riddle yet?\' the Hatter with a bound into the loveliest garden you ever saw. How she longed to get in at once.\' And in she went. Once more she found that it had gone. \'Well! I\'ve often seen them at dinn--\' she checked herself hastily. \'I thought you.',
	 '1985-10-18', '16+'),
	('6', '4', '8', 'Diverse background emulation',
	 'Alice, surprised at her own courage. \'It\'s no business of MINE.\' The Queen smiled and passed on. \'Who ARE you doing out here? Run home this moment, and fetch me a good character, But said I didn\'t!\' interrupted Alice. \'You did,\' said the Caterpillar contemptuously. \'Who are YOU?\' said the Mock Turtle repeated thoughtfully. \'I should like to be.',
	 '1994-04-27', '18+'),
	('7', '5', '20', 'Self-enabling bandwidth-monitored forecast',
	 'She said the Gryphon. \'--you advance twice--\' \'Each with a melancholy tone: \'it doesn\'t seem to see that queer little toss of her voice, and see after some executions I have none, Why, I wouldn\'t say anything about it, so she took up the little golden key, and when she was talking. \'How CAN I have dropped them, I wonder?\' As she said to the King,.',
	 '2008-03-21', '18+'),
	('8', '3', '2', 'Diverse background application',
	 'King, and the blades of grass, but she saw maps and pictures hung upon pegs. She took down a large dish of tarts upon it: they looked so grave that she had peeped into the sky. Alice went on to himself as he spoke. \'A cat may look at it!\' This speech caused a remarkable sensation among the trees, a little ledge of rock, and, as a drawing of a.',
	 '2005-05-27', '6+'),
	('9', '6', '5', 'De-engineered non-volatile flexibility',
	 'Gryphon; and then the puppy began a series of short charges at the Cat\'s head began fading away the moment he was going to give the hedgehog had unrolled itself, and began bowing to the general conclusion, that wherever you go on? It\'s by far the most confusing thing I know. Silence all round, if you were or might have been a RED rose-tree, and.',
	 '2006-05-20', '0+'),
	('10', '4', '1', 'Extended optimizing securedline',
	 'Alice, in a low, trembling voice. \'There\'s more evidence to come down the chimney, and said to herself, \'whenever I eat one of the words did not venture to say it over) \'--yes, that\'s about the games now.\' CHAPTER X. The Lobster Quadrille The Mock Turtle went on, \'and most things twinkled after that--only the March Hare had just begun to repeat.',
	 '1997-07-19', '6+'),
	('11', '5', '2', 'Automated bi-directional implementation',
	 'Alice thought over all the while, and fighting for the hot day made her next remark. \'Then the eleventh day must have a trial: For really this morning I\'ve nothing to do: once or twice, and shook itself. Then it got down off the subjects on his slate with one eye; but to open them again, and Alice looked very anxiously into her head. \'If I eat or.',
	 '1978-12-17', '16+'),
	('12', '2', '14', 'Synergistic foreground hub',
	 'I\'m quite tired of this. I vote the young Crab, a little feeble, squeaking voice, (\'That\'s Bill,\' thought Alice,) \'Well, I can\'t get out at all a pity. I said \"What for?\"\' \'She boxed the Queen\'s hedgehog just now, only it ran away when it grunted again, so she took courage, and went in. The door led right into a pig,\' Alice quietly said, just as.',
	 '2002-09-27', 'NR'),
	('13', '1', '13', 'Cloned discrete help-desk',
	 'Tell us all about for a minute or two to think about it, you know.\' \'I don\'t think it\'s at all fairly,\' Alice began, in a hurry: a large fan in the pool a little sharp bark just over her head through the door, and tried to get out again. That\'s all.\' \'Thank you,\' said the Gryphon: and Alice thought to herself. \'I dare say there may be different,\'.',
	 '2018-07-17', '18+'),
	('14', '1', '16', 'Automated client-driven time-frame',
	 'The jury all wrote down on one side, to look about her and to hear his history. I must have been a holiday?\' \'Of course you know the song, she kept on good terms with him, he\'d do almost anything you liked with the birds and animals that had made her draw back in a hurry: a large fan in the distance. \'Come on!\' cried the Mouse, turning to Alice:.',
	 '1979-04-02', 'NR'),
	('15', '5', '19', 'Quality-focused actuating adapter',
	 'That WILL be a walrus or hippopotamus, but then she remembered that she could not help bursting out laughing: and when she looked down at once, in a wondering tone. \'Why, what are YOUR shoes done with?\' said the Hatter. Alice felt that it might injure the brain; But, now that I\'m perfectly sure I don\'t like them raw.\' \'Well, be off, and found.',
	 '1999-01-27', '0+'),
	('16', '4', '1', 'Robust system-worthy hardware',
	 'VERY wide, but she knew that it was neither more nor less than a pig, my dear,\' said Alice, who was beginning to end,\' said the Caterpillar. Alice said to herself; \'the March Hare will be When they take us up and throw us, with the bones and the sound of many footsteps, and Alice was very likely to eat some of the guinea-pigs cheered, and was.',
	 '2002-04-12', '12+'),
	('17', '2', '9', 'Team-oriented contextually-based structure',
	 'Lory, with a T!\' said the Mouse. \'--I proceed. \"Edwin and Morcar, the earls of Mercia and Northumbria--\"\' \'Ugh!\' said the Pigeon went on, taking first one side and up the fan she was to get out at the sudden change, but she could not help bursting out laughing: and when Alice had no idea what Latitude was, or Longitude I\'ve got to the law, And.',
	 '2014-04-18', '6+'),
	('18', '5', '8', 'Expanded multi-state groupware',
	 'Alice\'s first thought was that you couldn\'t cut off a little different. But if I\'m not used to say \'Drink me,\' but the Mouse to Alice a little timidly: \'but it\'s no use in waiting by the way I ought to tell you--all I know is, it would be worth the trouble of getting up and to stand on their hands and feet at once, with a whiting. Now you know.\'.',
	 '2005-05-13', '12+'),
	('19', '4', '5', 'Profound responsive capability',
	 'As there seemed to listen, the whole place around her became alive with the words all coming different, and then sat upon it.) \'I\'m glad they don\'t seem to encourage the witness at all: he kept shifting from one foot to the confused clamour of the way out of sight; and an Eaglet, and several other curious creatures. Alice led the way, was the.',
	 '1989-04-05', '18+'),
	('20', '1', '13', 'Enterprise-wide stable systemengine',
	 'Majesty,\' he began. \'You\'re a very good height indeed!\' said the Dormouse, not choosing to notice this last remark. \'Of course it is,\' said the Hatter: \'let\'s all move one place on.\' He moved on as he came, \'Oh! the Duchess, as she did not quite know what you would seem to put his mouth close to her lips. \'I know what you had been found and.',
	 '2013-03-31', '12+');
	
INSERT INTO title_country(title_id, country_id)
VALUES
	('1', '14'),
	('2', '2'),
	('3', '11'),
	('4', '2'),
	('5', '10'),
	('6', '8'),
	('7', '20'),
	('8', '20'),
	('9', '13'),
	('10', '6'),
	('11', '16'),
	('12', '18'),
	('13', '17'),
	('14', '14'),
	('15', '3'),
	('16', '4'),
	('17', '1'),
	('18', '11'),
	('19', '5'),
	('20', '8');

INSERT INTO title_company(title_id, company_id)
VALUES
	('1', '3'),
	('2', '1'),
	('3', '2'),
	('4', '3'),
	('5', '5'),
	('6', '1'),
	('7', '3'),
	('8', '4'),
	('9', '6'),
	('10', '5'),
	('11', '1'),
	('12', '2'),
	('13', '2'),
	('14', '3'),
	('15', '1'),
	('16', '3'),
	('17', '1'),
	('18', '1'),
	('19', '6'),
	('20', '3');
	

INSERT INTO creators(first_name, last_name, date_of_birth, gender, photo, country_id)
VALUES
	('Watson', 'White', '1987-06-23', 'm', '9', '4'),
	('Otis', 'Jacobson', '1987-12-14', 'f', '4', '11'),
	('Vilma', 'McLaughlin', '1987-08-23', 'f', '5', '14'),
	('Karley', 'Moore', '1987-06-29', 'f', '6', '4'),
	('Elsie', 'Corkery', '1987-08-16', 'm', '7', '4'),
	('Antwan', 'Dooley', '1987-01-31', 'f', '14', '1'),
	('Elfrieda', 'Wilkinson', '1987-08-21', 'f', '13', '14'),
	('Samir', 'Heller', '1971-08-03', 'm', '4', '18'),
	('Jon', 'Bartoletti', '1987-04-10', 'f', '1', '19'),
	('Xzavier', 'Altenwerth', '1974-02-02', 'f', '7', '14'),
	('Leola', 'Welch', '1987-07-13', 'f', '8', '17'),
	('Jordy', 'Hoppe', '1973-11-27', 'f', '6', '4'),
	('Eve', 'Prohaska', '1987-09-03', 'm', '9', '8'),
	('Joy', 'Schiller', '1976-02-20', 'f', '15', '1'),
	('Alfonzo', 'Nolan', '1987-08-23', 'm', '2', '11'),
	('Greyson', 'Doyle', '1980-06-12', 'f', '5', '9'),
	('Blaze', 'Kovacek', '1976-02-27', 'f', '10', '11'),
	('Ivy', 'Kulas', '1998-04-30', 'm', '4', '18'),
	('Norene', 'Jast', '1987-07-31', 'm', '10', '5'),
	('Marta', 'Schmeler', '1987-11-17', 'm', '4', '7');

INSERT INTO cast_and_crew(title_id, role_id, creator_id)
VALUES
	('1', '3', '2'),
	('2', '2', '19'),
	('3', '5', '1'),
	('4', '5', '12'),
	('5', '3', '12'),
	('6', '3', '10'),
	('7', '2', '6'),
	('8', '4', '17'),
	('9', '4', '4'),
	('10', '3', '19'),
	('11', '5', '19'),
	('12', '5', '12'),
	('13', '2', '18'),
	('14', '4', '16'),
	('15', '4', '20'),
	('16', '3', '2'),
	('17', '2', '7'),
	('18', '3', '3'),
	('19', '3', '20'),
	('20', '4', '8');


INSERT INTO votes_on_genre(title_id, genre_id, user_id, vote) -- Голосования по жанрам
VALUES
	('10', '1', '3', 0),
	('17', '13', '10', 1),
	('13', '8', '8', 0),
	('7', '3', '2', 1),
	('11', '8', '19', 0),
	('4', '11', '3', 0),
	('6', '13', '12', 0),
	('9', '12', '1', 1),
	('11', '8', '4', 1),
	('5', '13', '8', 1),
	('1', '13', '6', 0),
	('15', '9', '7', 1),
	('2', '8', '3', 0),
	('10', '16', '5', 1),
	('15', '5', '7', 1),
	('3', '6', '2', 0),
	('9', '13', '1', 0),
	('16', '14', '4', 1),
	('7', '8', '6', 0),
	('7', '4', '4', 1);

INSERT INTO rating
	(title_id, user_id, rating) -- 400
VALUES
	('5', '16', '6'),
	('15', '8', '4'),
	('2', '5', '5'),
	('3', '4', '8'),
	('10', '5', '8'),
	('6', '14', '7'),
	('9', '1', '7'),
	('6', '6', '4'),
	('1', '4', '8'),
	('4', '3', '6'),
	('7', '2', '6'),
	('7', '8', '5'),
	('8', '18', '8'),
	('13', '2', '6'),
	('6', '17', '6'),
	('2', '9', '8'),
	('9', '19', '5'),
	('4', '19', '6'),
	('6', '2', '4'),
	('2', '2', '6');
	
INSERT INTO watchlist(title_id, user_id, is_seen) -- 100
VALUES
	('9', '10', 1),
	('3', '9', 1),
	('4', '5', 1),
	('5', '17', 1),
	('8', '5', 0),
	('6', '2', 1),
	('4', '5', 0),
	('7', '2', 0),
	('1', '5', 0),
	('12', '3', 0),
	('6', '4', 1),
	('9', '6', 0),
	('4', '4', 0),
	('4', '6', 1),
	('3', '8', 1),
	('3', '18', 0),
	('2', '6', 1),
	('8', '8', 0),
	('7', '3', 0),
	('10', '5', 0);